{
  "rate": 0.2,
  "labels": [
    0,
    9
  ],
  "epochs": 5,
  "net_layers": "64,32,32,16,10",
  "ori_reporter": {
    "precision": {
      "0": 0.9878665318503539,
      "9": 0.997,
      "accuracy": 0.9924585218702866
    }
  },
  "flip_reporter": {
    "precision": {
      "0": 0.9878787878787879,
      "9": 0.997997997997998,
      "accuracy": 0.9929612870789342
    }
  }
}