{
  "rate": 0.2,
  "labels": [
    0,
    9
  ],
  "epochs": 5,
  "net_layers": "64,32,32,16",
  "ori_reporter": {
    "precision": {
      "0": 0.9959100204498977,
      "9": 0.9940652818991098,
      "accuracy": 0.9949723479135244
    }
  },
  "flip_reporter": {
    "precision": {
      "0": 0.9908722109533469,
      "9": 0.9970089730807578,
      "accuracy": 0.9939668174962293
    }
  }
}